wikidata	wikidatalink	source_page	instance_of	part_of	subclass_of	eu	eu_wikipedia	es	es_wikipedia	en	en_wikipedia	fr	fr_wikipedia	it	it_wikipedia	de	de_wikipedia	pt	pt_wikipedia	ca	ca_wikipedia	cs	cs_wikipedia
Q10313	https://wikidata.org/wiki/Q10313	Donostia		https://wikidata.org/wiki/Q107556261, https://wikidata.org/wiki/Q107556262, https://wikidata.org/wiki/Q2074737, https://wikidata.org/wiki/Q129372, https://wikidata.org/wiki/Q1549591		Donostia	https://eu.wikipedia.org/wiki/Donostia	San Sebastián	https://es.wikipedia.org/wiki/San Sebastián	Donostia-San Sebastián	https://en.wikipedia.org/wiki/San Sebastián	Saint-Sébastien	https://fr.wikipedia.org/wiki/Saint-Sébastien (Espagne)	San Sebastián	https://it.wikipedia.org/wiki/San Sebastián	Donostia-San Sebastián	https://de.wikipedia.org/wiki/Donostia-San Sebastián	San Sebastián	https://pt.wikipedia.org/wiki/San Sebastián	Sant Sebastià	https://ca.wikipedia.org/wiki/Sant Sebastià	San Sebastián	https://cs.wikipedia.org/wiki/San Sebastián	
Q95010	https://wikidata.org/wiki/Q95010	Gipuzkoa		https://wikidata.org/wiki/Q162620, https://wikidata.org/wiki/Q3179682		Gipuzkoa	https://eu.wikipedia.org/wiki/Gipuzkoa	Guipúzcoa	https://es.wikipedia.org/wiki/Guipúzcoa	Gipuzkoa	https://en.wikipedia.org/wiki/Gipuzkoa	Guipuscoa	https://fr.wikipedia.org/wiki/Guipuscoa	Gipuzkoa	https://it.wikipedia.org/wiki/Gipuzkoa	Gipuzkoa	https://de.wikipedia.org/wiki/Gipuzkoa	Guipúscoa	https://pt.wikipedia.org/wiki/Guipúscoa	Guipúscoa	https://ca.wikipedia.org/wiki/Guipúscoa	Gipuzkoa	https://cs.wikipedia.org/wiki/Gipuzkoa	
Q47588	https://wikidata.org/wiki/Q47588	Euskal_Herria		https://wikidata.org/wiki/Q3502482, https://wikidata.org/wiki/Q1151616		Euskal Herria	https://eu.wikipedia.org/wiki/Euskal Herria	País Vasco	https://es.wikipedia.org/wiki/Euskal Herria	Basque Country	https://en.wikipedia.org/wiki/Basque Country (greater region)	Pays basque	https://fr.wikipedia.org/wiki/Pays basque	Paese basco	https://it.wikipedia.org/wiki/Paese basco	Baskenland	https://de.wikipedia.org/wiki/Baskenland	País Basco	https://pt.wikipedia.org/wiki/País Basco	País Basc	https://ca.wikipedia.org/wiki/País Basc	Baskicko	https://cs.wikipedia.org/wiki/Baskicko (území)	
Q8752	https://wikidata.org/wiki/Q8752	Euskara		https://wikidata.org/wiki/Q62067599, https://wikidata.org/wiki/Q23492, https://wikidata.org/wiki/Q48366, https://wikidata.org/wiki/Q33648, https://wikidata.org/wiki/Q1288568	https://wikidata.org/wiki/Q4669240, https://wikidata.org/wiki/Q85380120	euskara	https://eu.wikipedia.org/wiki/Euskara	euskera	https://es.wikipedia.org/wiki/Euskera	Basque	https://en.wikipedia.org/wiki/Basque language	basque	https://fr.wikipedia.org/wiki/Basque	basco	https://it.wikipedia.org/wiki/Lingua basca	Baskisch	https://de.wikipedia.org/wiki/Baskische Sprache	basco	https://pt.wikipedia.org/wiki/Língua basca	basc	https://ca.wikipedia.org/wiki/Basc	baskičtina	https://cs.wikipedia.org/wiki/Baskičtina	
Q1321	https://wikidata.org/wiki/Q1321	Gaztelania		https://wikidata.org/wiki/Q33742, https://wikidata.org/wiki/Q34770, https://wikidata.org/wiki/Q1288568	https://wikidata.org/wiki/Q71924, https://wikidata.org/wiki/Q1377152	gaztelania	https://eu.wikipedia.org/wiki/Gaztelania	español	https://es.wikipedia.org/wiki/Idioma español	Spanish	https://en.wikipedia.org/wiki/Spanish language	espagnol	https://fr.wikipedia.org/wiki/Espagnol	spagnolo	https://it.wikipedia.org/wiki/Lingua spagnola	Spanisch	https://de.wikipedia.org/wiki/Spanische Sprache	espanhol	https://pt.wikipedia.org/wiki/Língua castelhana	castellà	https://ca.wikipedia.org/wiki/Castellà	španělština	https://cs.wikipedia.org/wiki/Španělština	
Q855091	https://wikidata.org/wiki/Q855091	Gitarra-jotzaile		https://wikidata.org/wiki/Q66715801, https://wikidata.org/wiki/Q12737077	https://wikidata.org/wiki/Q1278335	gitarra-jotzaile	https://eu.wikipedia.org/wiki/Gitarra-jotzaile	guitarrista	https://es.wikipedia.org/wiki/Guitarrista	guitarist	https://en.wikipedia.org/wiki/Guitarist	guitariste	https://fr.wikipedia.org/wiki/Guitariste	chitarrista	https://it.wikipedia.org/wiki/Chitarrista	Gitarrist	https://de.wikipedia.org/wiki/Gitarrist	guitarrista	https://pt.wikipedia.org/wiki/Guitarrista	guitarrista	https://ca.wikipedia.org/wiki/Guitarrista	kytarista		
Q177220	https://wikidata.org/wiki/Q177220	Abeslari		https://wikidata.org/wiki/Q66715801, https://wikidata.org/wiki/Q12737077, https://wikidata.org/wiki/Q108300140	https://wikidata.org/wiki/Q2643890, https://wikidata.org/wiki/Q639669, https://wikidata.org/wiki/Q108289408	abeslari	https://eu.wikipedia.org/wiki/Abeslari	cantante	https://es.wikipedia.org/wiki/Cantante	singer	https://en.wikipedia.org/wiki/Singer	chanteur	https://fr.wikipedia.org/wiki/Chanteur	cantante	https://it.wikipedia.org/wiki/Cantante	Sänger	https://de.wikipedia.org/wiki/Vokalist	cantor(a)		cantant	https://ca.wikipedia.org/wiki/Cantant	zpěvák	https://cs.wikipedia.org/wiki/Zpěvák	
Q36834	https://wikidata.org/wiki/Q36834	Musikagile		https://wikidata.org/wiki/Q66715801, https://wikidata.org/wiki/Q12737077	https://wikidata.org/wiki/Q639669, https://wikidata.org/wiki/Q482980	musikagile	https://eu.wikipedia.org/wiki/Musikagile	compositor	https://es.wikipedia.org/wiki/Compositor	composer	https://en.wikipedia.org/wiki/Composer	compositeur ou compositrice	https://fr.wikipedia.org/wiki/Compositeur	compositore	https://it.wikipedia.org/wiki/Compositore	Komponist	https://de.wikipedia.org/wiki/Komponist	compositor(a)	https://pt.wikipedia.org/wiki/Compositor	compositor	https://ca.wikipedia.org/wiki/Compositor	hudební skladatel	https://cs.wikipedia.org/wiki/Hudební skladatel	
Q488205	https://wikidata.org/wiki/Q488205	Egile_abeslari		https://wikidata.org/wiki/Q66715801, https://wikidata.org/wiki/Q12737077	https://wikidata.org/wiki/Q177220, https://wikidata.org/wiki/Q753110	egile abeslari	https://eu.wikipedia.org/wiki/Egile abeslari	cantautor	https://es.wikipedia.org/wiki/Cantautor	singer-songwriter	https://en.wikipedia.org/wiki/Singer-songwriter	auteur-compositeur-interprète	https://fr.wikipedia.org/wiki/Auteur-compositeur-interprète	cantautore	https://it.wikipedia.org/wiki/Cantautore	Singer-Songwriter	https://de.wikipedia.org/wiki/Singer-Songwriter	cantautor(a)	https://pt.wikipedia.org/wiki/Cantautor	cantautor	https://ca.wikipedia.org/wiki/Cantautor	písničkář	https://cs.wikipedia.org/wiki/Písničkář	
Q25474790	https://wikidata.org/wiki/Q25474790	Gipuzkoako_Urrezko_Domina		https://wikidata.org/wiki/Q618779		Gipuzkoako Urrezko Domina	https://eu.wikipedia.org/wiki/Gipuzkoako Urrezko Domina			Gipuzkoako Urrezko Domina		Gipuzkoako Urrezko Domina								Gipuzkoako Urrezko Domina				
Q61070065	https://wikidata.org/wiki/Q61070065	Adarra_Saria		https://wikidata.org/wiki/Q618779		Adarra Saria	https://eu.wikipedia.org/wiki/Adarra Saria			Adarra award										premi Adarra				
Q186472	https://wikidata.org/wiki/Q186472	Folk_rock		https://wikidata.org/wiki/Q188451	https://wikidata.org/wiki/Q11399, https://wikidata.org/wiki/Q43343	folk rock	https://eu.wikipedia.org/wiki/Folk rock	folk rock	https://es.wikipedia.org/wiki/Folk rock	folk rock	https://en.wikipedia.org/wiki/Folk rock	folk rock	https://fr.wikipedia.org/wiki/Folk rock	folk rock	https://it.wikipedia.org/wiki/Folk rock	Folk-Rock	https://de.wikipedia.org/wiki/Folk-Rock	folk rock	https://pt.wikipedia.org/wiki/Folk rock	folk rock	https://ca.wikipedia.org/wiki/Folk-rock	folk rock	https://cs.wikipedia.org/wiki/Folk rock	
Q6607	https://wikidata.org/wiki/Q6607	Gitarra		https://wikidata.org/wiki/Q110295396	https://wikidata.org/wiki/Q57306162, https://wikidata.org/wiki/Q113519195	gitarra	https://eu.wikipedia.org/wiki/Gitarra	guitarra	https://es.wikipedia.org/wiki/Guitarra	guitar	https://en.wikipedia.org/wiki/Guitar	guitare	https://fr.wikipedia.org/wiki/Guitare	chitarra	https://it.wikipedia.org/wiki/Chitarra	Gitarre	https://de.wikipedia.org/wiki/Gitarre	guitarra	https://pt.wikipedia.org/wiki/Guitarra	guitarra	https://ca.wikipedia.org/wiki/Guitarra	kytara	https://cs.wikipedia.org/wiki/Kytara	
Q12257575	https://wikidata.org/wiki/Q12257575	Euskal_abeslari				Euskal abeslari	https://eu.wikipedia.org/wiki/Euskal abeslari																	
Q6927	https://wikidata.org/wiki/Q6927	XX._mendea		https://wikidata.org/wiki/Q25860, https://wikidata.org/wiki/Q578		XX. mendea	https://eu.wikipedia.org/wiki/XX. mendea	siglo XX	https://es.wikipedia.org/wiki/Siglo XX	20th century	https://en.wikipedia.org/wiki/20th century	XXe siècle	https://fr.wikipedia.org/wiki/XXe siècle	XX secolo	https://it.wikipedia.org/wiki/XX secolo	20. Jahrhundert	https://de.wikipedia.org/wiki/20. Jahrhundert	século XX	https://pt.wikipedia.org/wiki/Século XX	segle XX	https://ca.wikipedia.org/wiki/Segle XX	20. století	https://cs.wikipedia.org/wiki/20. století	
Q221771	https://wikidata.org/wiki/Q221771	Bernardo_Atxaga		https://wikidata.org/wiki/Q5		Bernardo Atxaga	https://eu.wikipedia.org/wiki/Bernardo Atxaga	Bernardo Atxaga	https://es.wikipedia.org/wiki/Bernardo Atxaga	Bernardo Atxaga	https://en.wikipedia.org/wiki/Bernardo Atxaga	Bernardo Atxaga	https://fr.wikipedia.org/wiki/Bernardo Atxaga	Bernardo Atxaga	https://it.wikipedia.org/wiki/Bernardo Atxaga	Bernardo Atxaga	https://de.wikipedia.org/wiki/Bernardo Atxaga	Bernardo Atxaga	https://pt.wikipedia.org/wiki/Bernardo Atxaga	Bernardo Atxaga	https://ca.wikipedia.org/wiki/Bernardo Atxaga	Bernardo Atxaga		
Q3045517	https://wikidata.org/wiki/Q3045517	Gabriel_Aresti		https://wikidata.org/wiki/Q5		Gabriel Aresti	https://eu.wikipedia.org/wiki/Gabriel Aresti	Gabriel Aresti	https://es.wikipedia.org/wiki/Gabriel Aresti	Gabriel Aresti	https://en.wikipedia.org/wiki/Gabriel Aresti	Gabriel Aresti	https://fr.wikipedia.org/wiki/Gabriel Aresti	Gabriel Aresti	https://it.wikipedia.org/wiki/Gabriel Aresti	Gabriel Aresti	https://de.wikipedia.org/wiki/Gabriel Aresti	Gabriel Aresti	https://pt.wikipedia.org/wiki/Gabriel Aresti	Gabriel Aresti	https://ca.wikipedia.org/wiki/Gabriel Aresti Segurola			
Q616169	https://wikidata.org/wiki/Q616169	Jorge_Oteiza		https://wikidata.org/wiki/Q5		Jorge Oteiza	https://eu.wikipedia.org/wiki/Jorge Oteiza	Jorge de Oteiza	https://es.wikipedia.org/wiki/Jorge de Oteiza	Jorge Oteiza	https://en.wikipedia.org/wiki/Jorge Oteiza	Jorge Oteiza	https://fr.wikipedia.org/wiki/Jorge Oteiza	Jorge Oteiza	https://it.wikipedia.org/wiki/Jorge Oteiza	Jorge Oteiza	https://de.wikipedia.org/wiki/Jorge Oteiza	Jorge Oteiza	https://pt.wikipedia.org/wiki/Jorge Oteiza	Jorge Oteiza	https://ca.wikipedia.org/wiki/Jorge Oteiza Enbil			
Q156736	https://wikidata.org/wiki/Q156736	Eduardo_Txillida		https://wikidata.org/wiki/Q5		Eduardo Txillida	https://eu.wikipedia.org/wiki/Eduardo Txillida	Eduardo Chillida	https://es.wikipedia.org/wiki/Eduardo Chillida	Eduardo Chillida	https://en.wikipedia.org/wiki/Eduardo Chillida	Eduardo Chillida	https://fr.wikipedia.org/wiki/Eduardo Chillida	Eduardo Chillida	https://it.wikipedia.org/wiki/Eduardo Chillida	Eduardo Chillida	https://de.wikipedia.org/wiki/Eduardo Chillida	Eduardo Chillida	https://pt.wikipedia.org/wiki/Eduardo Chillida	Eduardo Chillida Juantegui	https://ca.wikipedia.org/wiki/Eduardo Chillida Juantegui	Eduardo Chillida	https://cs.wikipedia.org/wiki/Eduardo Chillida	
Q2457804	https://wikidata.org/wiki/Q2457804	Koldo_Mitxelena		https://wikidata.org/wiki/Q5		Koldo Mitxelena	https://eu.wikipedia.org/wiki/Koldo Mitxelena	Koldo Mitxelena	https://es.wikipedia.org/wiki/Koldo Mitxelena	Koldo Mitxelena	https://en.wikipedia.org/wiki/Koldo Mitxelena	Koldo Mitxelena	https://fr.wikipedia.org/wiki/Koldo Mitxelena	Koldo Mitxelena		Koldo Mitxelena		Koldo Mitxelena		Koldo Mitxelena	https://ca.wikipedia.org/wiki/Koldo Mitxelena Elissalt			
Q12262145	https://wikidata.org/wiki/Q12262145	Lekeitio_(abestia)				Lekeitio (abestia)	https://eu.wikipedia.org/wiki/Lekeitio (abestia)																	
Q3326886	https://wikidata.org/wiki/Q3326886	Ez_Dok_Amairu		https://wikidata.org/wiki/Q2198855		Ez Dok Amairu	https://eu.wikipedia.org/wiki/Ez Dok Amairu	Ez Dok Amairu	https://es.wikipedia.org/wiki/Ez Dok Amairu	Ez Dok Amairu		Ez Dok Amairu	https://fr.wikipedia.org/wiki/Ez Dok Amairu							Ez Dok Amairu	https://ca.wikipedia.org/wiki/Ez Dok Amairu			
Q12257561	https://wikidata.org/wiki/Q12257561	Euskal_Kantagintza_Berria		https://wikidata.org/wiki/Q188451, https://wikidata.org/wiki/Q107356781	https://wikidata.org/wiki/Q89363113	Euskal Kantagintza Berria	https://eu.wikipedia.org/wiki/Euskal Kantagintza Berria	nueva canción vasca	https://es.wikipedia.org/wiki/Nueva Canción Vasca	euskal kantagintza berria		nouvelle chanson basque								Nova Cançó Basca	https://ca.wikipedia.org/wiki/Nova Cançó Basca			
Q3542632	https://wikidata.org/wiki/Q3542632	Txoria_txori		https://wikidata.org/wiki/Q105543609		Txoria txori	https://eu.wikipedia.org/wiki/Txoria txori	Txoria txori	https://es.wikipedia.org/wiki/Txoria txori	Txoria txori		Txoria txori	https://fr.wikipedia.org/wiki/Txoria txori							Txoria txori	https://ca.wikipedia.org/wiki/Txoria txori			
Q913303	https://wikidata.org/wiki/Q913303	Diario_Vasco		https://wikidata.org/wiki/Q11032		Diario Vasco	https://eu.wikipedia.org/wiki/Diario Vasco	El Diario Vasco	https://es.wikipedia.org/wiki/El Diario Vasco	El Diario Vasco	https://en.wikipedia.org/wiki/El Diario Vasco	El Diario Vasco	https://fr.wikipedia.org/wiki/El Diario Vasco			El Diario Vasco	https://de.wikipedia.org/wiki/El Diario Vasco	El Diario Vasco	https://pt.wikipedia.org/wiki/El Diario Vasco	El Diario Vasco	https://ca.wikipedia.org/wiki/El Diario Vasco			
Q3136805	https://wikidata.org/wiki/Q3136805	Donostiako_historia		https://wikidata.org/wiki/Q17524420		Donostiako historia	https://eu.wikipedia.org/wiki/Donostiako historia	historia de San Sebastián	https://es.wikipedia.org/wiki/Historia de San Sebastián			Histoire de Saint-Sébastien	https://fr.wikipedia.org/wiki/Histoire de Saint-Sébastien							vhgthygy				
Q2265048	https://wikidata.org/wiki/Q2265048	Parte_Zaharra_(Donostia)		https://wikidata.org/wiki/Q123705		Parte Zaharra	https://eu.wikipedia.org/wiki/Parte Zaharra (Donostia)	Parte Vieja	https://es.wikipedia.org/wiki/Parte Vieja	Parte Zaharra		Parte Zaharra	https://fr.wikipedia.org/wiki/Parte Zaharra (Saint-Sébastien)			Parte Zaharra				Parte Zaharra	https://ca.wikipedia.org/wiki/Parte Zaharra			
Q23993616	https://wikidata.org/wiki/Q23993616	Pasai_Donibane		https://wikidata.org/wiki/Q3257686		Pasai Donibane	https://eu.wikipedia.org/wiki/Pasai Donibane	Pasajes San Juan		Pasai Donibane		Pasai Donibane				Pasai Donibane		Pasai Donibane		Pasai Donibane		Pasaia		
Q43093	https://wikidata.org/wiki/Q43093	Euzko_Alderdi_Jeltzalea		https://wikidata.org/wiki/Q92326395		Eusko Alderdi Jeltzalea	https://eu.wikipedia.org/wiki/Euzko Alderdi Jeltzalea	Partido Nacionalista Vasco	https://es.wikipedia.org/wiki/Partido Nacionalista Vasco	Basque Nationalist Party	https://en.wikipedia.org/wiki/Basque Nationalist Party	Parti nationaliste basque	https://fr.wikipedia.org/wiki/Parti nationaliste basque	Partito Nazionalista Basco	https://it.wikipedia.org/wiki/Partito Nazionalista Basco	Eusko Alderdi Jeltzalea-Partido Nacionalista Vasco	https://de.wikipedia.org/wiki/Eusko Alderdi Jeltzalea-Partido Nacionalista Vasco	Partido Nacionalista Basco	https://pt.wikipedia.org/wiki/Partido Nacionalista Basco	Partit Nacionalista Basc	https://ca.wikipedia.org/wiki/Partit Nacionalista Basc	Eusko Alderdi Jeltzalea-Partido Nacionalista Vasco (EAJ-PNV)	https://cs.wikipedia.org/wiki/Baskická národní strana	
Q3815226	https://wikidata.org/wiki/Q3815226	Espainiako_Gerra_Zibila_Euskal_Herrian		https://wikidata.org/wiki/Q10859, https://wikidata.org/wiki/Q74817647		Espainiako Gerra Zibila Euskal Herrian	https://eu.wikipedia.org/wiki/Espainiako Gerra Zibila Euskal Herrian	Guerra Civil Española en el País Vasco	https://es.wikipedia.org/wiki/Guerra civil española en el País Vasco	Spanish Civil War in Basque Country										Guerra Civil Espanyola al País Basc	https://ca.wikipedia.org/wiki/Guerra Civil espanyola al País Basc			
Q1227965	https://wikidata.org/wiki/Q1227965	Lekeitio		https://wikidata.org/wiki/Q107556235, https://wikidata.org/wiki/Q12268492, https://wikidata.org/wiki/Q2074737		Lekeitio	https://eu.wikipedia.org/wiki/Lekeitio	Lequeitio	https://es.wikipedia.org/wiki/Lequeitio	Lekeitio	https://en.wikipedia.org/wiki/Lekeitio	Lekeitio	https://fr.wikipedia.org/wiki/Lekeitio	Lekeitio	https://it.wikipedia.org/wiki/Lekeitio	Lekeitio	https://de.wikipedia.org/wiki/Lekeitio	Lequeitio	https://pt.wikipedia.org/wiki/Lequeitio	Lekeitio	https://ca.wikipedia.org/wiki/Lekeitio			
Q12258200	https://wikidata.org/wiki/Q12258200	Gardata		https://wikidata.org/wiki/Q3257686		Gardata	https://eu.wikipedia.org/wiki/Gardata			Gardata														
Q170351	https://wikidata.org/wiki/Q170351	Gernikako_bonbardaketa		https://wikidata.org/wiki/Q10859, https://wikidata.org/wiki/Q4688003		Gernikako bonbardaketa	https://eu.wikipedia.org/wiki/Gernikako bonbardaketa	Bombardeo de Guernica	https://es.wikipedia.org/wiki/Bombardeo de Guernica	Bombing of Guernica	https://en.wikipedia.org/wiki/Bombing of Guernica	bombardement de Guernica	https://fr.wikipedia.org/wiki/Bombardement de Guernica	bombardamento di Guernica	https://it.wikipedia.org/wiki/Bombardamento di Guernica	Luftangriff auf Gernika	https://de.wikipedia.org/wiki/Luftangriff auf Guernica	Bombardeio de Guernica	https://pt.wikipedia.org/wiki/Bombardeio de Guernica	bombardeig de Guernica	https://ca.wikipedia.org/wiki/Bombardeig de Guernica	Bombardování Guerniky	https://cs.wikipedia.org/wiki/Bombardování Guerniky	
Q3758042	https://wikidata.org/wiki/Q3758042	Batxilergo		https://wikidata.org/wiki/Q1187046, https://wikidata.org/wiki/Q74817647	https://wikidata.org/wiki/Q14623204, https://wikidata.org/wiki/Q189533, https://wikidata.org/wiki/Q1901305	Batxilergo	https://eu.wikipedia.org/wiki/Batxilergo	bachillerato	https://es.wikipedia.org/wiki/Bachillerato en España	baccalaureate	https://en.wikipedia.org/wiki/Spanish Baccalaureate			Bachillerato	https://it.wikipedia.org/wiki/Bachillerato	Bachillerato	https://de.wikipedia.org/wiki/Bachillerato			batxillerat	https://ca.wikipedia.org/wiki/Batxillerat			
Q11190	https://wikidata.org/wiki/Q11190	Medikuntza		https://wikidata.org/wiki/Q864928, https://wikidata.org/wiki/Q2267705, https://wikidata.org/wiki/Q11862829, https://wikidata.org/wiki/Q627436	https://wikidata.org/wiki/Q843601, https://wikidata.org/wiki/Q20532	medikuntza	https://eu.wikipedia.org/wiki/Medikuntza	medicina	https://es.wikipedia.org/wiki/Medicina	medicine	https://en.wikipedia.org/wiki/Medicine	médecine	https://fr.wikipedia.org/wiki/Médecine	medicina	https://it.wikipedia.org/wiki/Medicina	Medizin	https://de.wikipedia.org/wiki/Medizin	medicina	https://pt.wikipedia.org/wiki/Medicina	medicina	https://ca.wikipedia.org/wiki/Medicina	lékařství	https://cs.wikipedia.org/wiki/Lékařství	
Q2807	https://wikidata.org/wiki/Q2807	Madril		https://wikidata.org/wiki/Q111805205, https://wikidata.org/wiki/Q2074737, https://wikidata.org/wiki/Q515, https://wikidata.org/wiki/Q1549591, https://wikidata.org/wiki/Q1637706, https://wikidata.org/wiki/Q5119, https://wikidata.org/wiki/Q486972, https://wikidata.org/wiki/Q51929311		Madril	https://eu.wikipedia.org/wiki/Madril	Madrid	https://es.wikipedia.org/wiki/Madrid	Madrid	https://en.wikipedia.org/wiki/Madrid	Madrid	https://fr.wikipedia.org/wiki/Madrid	Madrid	https://it.wikipedia.org/wiki/Madrid	Madrid	https://de.wikipedia.org/wiki/Madrid	Madrid	https://pt.wikipedia.org/wiki/Madrid	Madrid	https://ca.wikipedia.org/wiki/Madrid	Madrid	https://cs.wikipedia.org/wiki/Madrid	
Q3056032	https://wikidata.org/wiki/Q3056032	Erdara				Erdara	https://eu.wikipedia.org/wiki/Erdara					Erdara	https://fr.wikipedia.org/wiki/Erdara											
Q3111501	https://wikidata.org/wiki/Q3111501	Gaiarre_antzokia		https://wikidata.org/wiki/Q24354, https://wikidata.org/wiki/Q41176		Teatro Gayarre	https://eu.wikipedia.org/wiki/Gaiarre antzokia	Teatro Gayarre	https://es.wikipedia.org/wiki/Teatro Gayarre	Teatro Gayarre		théâtre Gayarre	https://fr.wikipedia.org/wiki/Théâtre Gayarre			Teatro Gayarre		Teatro Gayarre	https://pt.wikipedia.org/wiki/Teatro Gayarre	Teatro Gayarre	https://ca.wikipedia.org/wiki/Teatro Gayarre			
Q449	https://wikidata.org/wiki/Q449	Georges_Brassens		https://wikidata.org/wiki/Q5		Georges Brassens	https://eu.wikipedia.org/wiki/Georges Brassens	Georges Brassens	https://es.wikipedia.org/wiki/Georges Brassens	Georges Brassens	https://en.wikipedia.org/wiki/Georges Brassens	Georges Brassens	https://fr.wikipedia.org/wiki/Georges Brassens	Georges Brassens	https://it.wikipedia.org/wiki/Georges Brassens	Georges Brassens	https://de.wikipedia.org/wiki/Georges Brassens	Georges Brassens	https://pt.wikipedia.org/wiki/Georges Brassens	Georges Brassens	https://ca.wikipedia.org/wiki/Georges Brassens	Georges Brassens	https://cs.wikipedia.org/wiki/Georges Brassens	
Q284017	https://wikidata.org/wiki/Q284017	Atahualpa_Yupanqui		https://wikidata.org/wiki/Q5		Atahualpa Yupanqui	https://eu.wikipedia.org/wiki/Atahualpa Yupanqui	Atahualpa Yupanqui	https://es.wikipedia.org/wiki/Atahualpa Yupanqui	Atahualpa Yupanqui	https://en.wikipedia.org/wiki/Atahualpa Yupanqui	Atahualpa Yupanqui	https://fr.wikipedia.org/wiki/Atahualpa Yupanqui	Atahualpa Yupanqui	https://it.wikipedia.org/wiki/Atahualpa Yupanqui	Atahualpa Yupanqui	https://de.wikipedia.org/wiki/Atahualpa Yupanqui	Atahualpa Yupanqui	https://pt.wikipedia.org/wiki/Atahualpa Yupanqui	Atahualpa Yupanqui	https://ca.wikipedia.org/wiki/Atahualpa Yupanqui	Atahualpa Yupanqui	https://cs.wikipedia.org/wiki/Atahualpa Yupanqui	
Q230499	https://wikidata.org/wiki/Q230499	Violeta_Parra		https://wikidata.org/wiki/Q5		Violeta Parra	https://eu.wikipedia.org/wiki/Violeta Parra	Violeta Parra	https://es.wikipedia.org/wiki/Violeta Parra	Violeta Parra	https://en.wikipedia.org/wiki/Violeta Parra	Violeta Parra	https://fr.wikipedia.org/wiki/Violeta Parra	Violeta Parra	https://it.wikipedia.org/wiki/Violeta Parra	Violeta Parra	https://de.wikipedia.org/wiki/Violeta Parra	Violeta Parra	https://pt.wikipedia.org/wiki/Violeta Parra	Violeta Parra	https://ca.wikipedia.org/wiki/Violeta Parra	Violeta Parraová		
Q1299	https://wikidata.org/wiki/Q1299	The_Beatles		https://wikidata.org/wiki/Q5741069		The Beatles	https://eu.wikipedia.org/wiki/The Beatles	The Beatles	https://es.wikipedia.org/wiki/The Beatles	The Beatles	https://en.wikipedia.org/wiki/The Beatles	The Beatles	https://fr.wikipedia.org/wiki/The Beatles	The Beatles	https://it.wikipedia.org/wiki/The Beatles	The Beatles	https://de.wikipedia.org/wiki/The Beatles	The Beatles	https://pt.wikipedia.org/wiki/The Beatles	The Beatles	https://ca.wikipedia.org/wiki/The Beatles	The Beatles	https://cs.wikipedia.org/wiki/The Beatles	
Q1492	https://wikidata.org/wiki/Q1492	Bartzelona		https://wikidata.org/wiki/Q249489, https://wikidata.org/wiki/Q33146843, https://wikidata.org/wiki/Q2264924, https://wikidata.org/wiki/Q50330360, https://wikidata.org/wiki/Q51929311, https://wikidata.org/wiki/Q1637706, https://wikidata.org/wiki/Q1549591, https://wikidata.org/wiki/Q515, https://wikidata.org/wiki/Q51929311, https://wikidata.org/wiki/Q2074737		Bartzelona	https://eu.wikipedia.org/wiki/Bartzelona	Barcelona	https://es.wikipedia.org/wiki/Barcelona	Barcelona	https://en.wikipedia.org/wiki/Barcelona	Barcelone	https://fr.wikipedia.org/wiki/Barcelone	Barcellona	https://it.wikipedia.org/wiki/Barcellona	Barcelona	https://de.wikipedia.org/wiki/Barcelona	Barcelona	https://pt.wikipedia.org/wiki/Barcelona	Barcelona	https://ca.wikipedia.org/wiki/Barcelona	Barcelona	https://cs.wikipedia.org/wiki/Barcelona	
Q2699874	https://wikidata.org/wiki/Q2699874	Neuropsikiatria		https://wikidata.org/wiki/Q930752, https://wikidata.org/wiki/Q11862829	https://wikidata.org/wiki/Q7867	neuropsikiatria	https://eu.wikipedia.org/wiki/Neuropsikiatria	neuropsiquiatría	https://es.wikipedia.org/wiki/Neuropsiquiatría	neuropsychiatry	https://en.wikipedia.org/wiki/Neuropsychiatry	neuropsychiatrie	https://fr.wikipedia.org/wiki/Neuropsychiatrie	neuropsichiatria	https://it.wikipedia.org/wiki/Neuropsichiatria	Neuropsychiatrie	https://de.wikipedia.org/wiki/Neuropsychiatrie	neuropsiquiatria	https://pt.wikipedia.org/wiki/Neuropsiquiatria	neuropsiquiatria		neuropsychiatrie	https://cs.wikipedia.org/wiki/Neuropsychiatrie	
Q1333388	https://wikidata.org/wiki/Q1333388	Els_Setze_Jutges		https://wikidata.org/wiki/Q215380		Els Setze Jutges	https://eu.wikipedia.org/wiki/Els Setze Jutges	Els Setze Jutges	https://es.wikipedia.org/wiki/Els Setze Jutges	Els Setze Jutges	https://en.wikipedia.org/wiki/Els Setze Jutges	Els Setze Jutges	https://fr.wikipedia.org/wiki/Els Setze Jutges	Els Setze Jutges		Els Setze Jutges	https://de.wikipedia.org/wiki/Els Setze Jutges	Els Setze Jutges	https://pt.wikipedia.org/wiki/Els Setze Jutges	Els Setze Jutges	https://ca.wikipedia.org/wiki/Els Setze Jutges			
Q3752508	https://wikidata.org/wiki/Q3752508	Benito_Lertxundi		https://wikidata.org/wiki/Q5		Benito Lertxundi	https://eu.wikipedia.org/wiki/Benito Lertxundi	Benito Lertxundi	https://es.wikipedia.org/wiki/Benito Lertxundi	Benito Lertxundi	https://en.wikipedia.org/wiki/Benito Lertxundi	Benito Lertxundi	https://fr.wikipedia.org/wiki/Benito Lertxundi			Benito Lertxundi	https://de.wikipedia.org/wiki/Benito Lertxundi			Benito Lertxundi Esoain	https://ca.wikipedia.org/wiki/Benito Lertxundi Esoain			
Q4890261	https://wikidata.org/wiki/Q4890261	Lourdes_Iriondo		https://wikidata.org/wiki/Q5		Lurdes Iriondo	https://eu.wikipedia.org/wiki/Lourdes Iriondo	Lourdes Iriondo Mujika	https://es.wikipedia.org/wiki/Lourdes Iriondo Mujika	Lourdes Iriondo Mujika	https://en.wikipedia.org/wiki/Lourdes Iriondo	Lourdes Iriondo Mujika		Lourdes Iriondo Mujika		Lourdes Iriondo Mujika		Lourdes Iriondo Mujika		Lourdes Iriondo Mujika	https://ca.wikipedia.org/wiki/Lourdes Iriondo Mujika	Lourdes Iriondo Mujika		
Q12260915	https://wikidata.org/wiki/Q12260915	Joxan_Artze		https://wikidata.org/wiki/Q5		Joxan Artze	https://eu.wikipedia.org/wiki/Joxan Artze	Joxean Artze Agirre	https://es.wikipedia.org/wiki/Joxean Artze	Joxean Artze Agirre		Joxean Artze				Joxean Artze	https://de.wikipedia.org/wiki/Joxan Artze			Joxean Artze Agirre	https://ca.wikipedia.org/wiki/Joxean Artze			
Q12260570	https://wikidata.org/wiki/Q12260570	Jose_Angel_Irigarai		https://wikidata.org/wiki/Q5		Jose Angel Irigarai	https://eu.wikipedia.org/wiki/Jose Angel Irigarai	José Ángel Irigarai Imaz	https://es.wikipedia.org/wiki/José Ángel Irigarai	Jose Angel Irigarai Imaz		Jose Angel Irigarai Imaz		Jose Angel Irigarai						Jose Angel Irigarai Imaz				
Q12261115	https://wikidata.org/wiki/Q12261115	Julen_Lekuona		https://wikidata.org/wiki/Q5		Julen Lekuona	https://eu.wikipedia.org/wiki/Julen Lekuona	Julen Lekuona	https://es.wikipedia.org/wiki/Julen Lekuona	Julen Lekuona		Julen Lekuona				Julen Lekuona				Julen Lekuona				
Q3091084	https://wikidata.org/wiki/Q3091084	Xabier_Lete		https://wikidata.org/wiki/Q5		Xabier Lete	https://eu.wikipedia.org/wiki/Xabier Lete	Xabier Lete	https://es.wikipedia.org/wiki/Xabier Lete	Xabier Lete	https://en.wikipedia.org/wiki/Xabier Lete	Xabier Lete	https://fr.wikipedia.org/wiki/Xabier Lete	Xabier Lete		Xabier Lete		Xabier Lete		Xabier Lete Bergaretxe	https://ca.wikipedia.org/wiki/Xabier Lete Bergaretxe	Xabier Lete		
Q12260592	https://wikidata.org/wiki/Q12260592	Jose_Antonio_Villar		https://wikidata.org/wiki/Q5		Jose Antonio Villar	https://eu.wikipedia.org/wiki/Jose Antonio Villar	Jose Antonio Villar		Jose Antonio Villar										Jose Antonio Villar				
Q2349872	https://wikidata.org/wiki/Q2349872	Kursaal_jauregia		https://wikidata.org/wiki/Q1378975, https://wikidata.org/wiki/Q230752		Kursaal jauregia	https://eu.wikipedia.org/wiki/Kursaal jauregia	Palacio de Congresos y Auditorio Kursaal	https://es.wikipedia.org/wiki/Palacio de Congresos y Auditorio Kursaal	Kursaal convention centre	https://en.wikipedia.org/wiki/Kursaal Congress Centre and Auditorium	palais Kursaal	https://fr.wikipedia.org/wiki/Palais Kursaal	Kursaal (San Sebastiàn)	https://it.wikipedia.org/wiki/Kursaal (San Sebastiàn)	Palacio de Congresos y Auditorio Kursaal	https://de.wikipedia.org/wiki/Palacio de Congresos y Auditorio Kursaal	Palácio de Congressos e Auditório Kursaal	https://pt.wikipedia.org/wiki/Palácio de Congressos e Auditório Kursaal	Palau de Congressos i Auditori Kursaal	https://ca.wikipedia.org/wiki/Palau de Congressos i Auditori Kursaal			
Q134674	https://wikidata.org/wiki/Q134674	Baiona		https://wikidata.org/wiki/Q12703, https://wikidata.org/wiki/Q484170		Baiona	https://eu.wikipedia.org/wiki/Baiona	Bayona	https://es.wikipedia.org/wiki/Bayona (Francia)	Bayonne	https://en.wikipedia.org/wiki/Bayonne	Bayonne	https://fr.wikipedia.org/wiki/Bayonne	Bayonne	https://it.wikipedia.org/wiki/Bayonne	Bayonne	https://de.wikipedia.org/wiki/Bayonne	Baiona	https://pt.wikipedia.org/wiki/Baiona (França)	Baiona	https://ca.wikipedia.org/wiki/Baiona	Bayonne	https://cs.wikipedia.org/wiki/Bayonne	
Q7867	https://wikidata.org/wiki/Q7867	Psikiatria		https://wikidata.org/wiki/Q930752, https://wikidata.org/wiki/Q11862829, https://wikidata.org/wiki/Q483394	https://wikidata.org/wiki/Q11190, https://wikidata.org/wiki/Q113129019	Psikiatria	https://eu.wikipedia.org/wiki/Psikiatria	psiquiatría	https://es.wikipedia.org/wiki/Psiquiatría	psychiatry	https://en.wikipedia.org/wiki/Psychiatry	psychiatrie	https://fr.wikipedia.org/wiki/Psychiatrie	psichiatria	https://it.wikipedia.org/wiki/Psichiatria	Psychiatrie	https://de.wikipedia.org/wiki/Psychiatrie	psiquiatria	https://pt.wikipedia.org/wiki/Psiquiatria	psiquiatria	https://ca.wikipedia.org/wiki/Psiquiatria	psychiatrie	https://cs.wikipedia.org/wiki/Psychiatrie	
Q1633844	https://wikidata.org/wiki/Q1633844	Urnieta		https://wikidata.org/wiki/Q107556261, https://wikidata.org/wiki/Q107556262, https://wikidata.org/wiki/Q2074737		Urnieta	https://eu.wikipedia.org/wiki/Urnieta	Urnieta	https://es.wikipedia.org/wiki/Urnieta	Urnieta	https://en.wikipedia.org/wiki/Urnieta	Urnieta	https://fr.wikipedia.org/wiki/Urnieta	Urnieta	https://it.wikipedia.org/wiki/Urnieta	Urnieta	https://de.wikipedia.org/wiki/Urnieta	Urnieta	https://pt.wikipedia.org/wiki/Urnieta	Urnieta	https://ca.wikipedia.org/wiki/Urnieta			
Q11916579	https://wikidata.org/wiki/Q11916579	Daniel_Landart		https://wikidata.org/wiki/Q5		Daniel Landart	https://eu.wikipedia.org/wiki/Daniel Landart	Daniel Landart		Daniel Landart		Daniel Landart	https://fr.wikipedia.org/wiki/Daniel Landart	Daniel Landart		Daniel Landart		Daniel Landart		Daniel Landart	https://ca.wikipedia.org/wiki/Daniel Landart			
Q38757	https://wikidata.org/wiki/Q38757	Bertolt_Brecht		https://wikidata.org/wiki/Q5		Bertolt Brecht	https://eu.wikipedia.org/wiki/Bertolt Brecht	Bertolt Brecht	https://es.wikipedia.org/wiki/Bertolt Brecht	Bertolt Brecht	https://en.wikipedia.org/wiki/Bertolt Brecht	Bertolt Brecht	https://fr.wikipedia.org/wiki/Bertolt Brecht	Bertolt Brecht	https://it.wikipedia.org/wiki/Bertolt Brecht	Bertolt Brecht	https://de.wikipedia.org/wiki/Bertolt Brecht	Bertolt Brecht	https://pt.wikipedia.org/wiki/Bertolt Brecht	Bertolt Brecht	https://ca.wikipedia.org/wiki/Bertolt Brecht	Bertolt Brecht	https://cs.wikipedia.org/wiki/Bertolt Brecht	
Q631017	https://wikidata.org/wiki/Q631017	Manuel_Lekuona		https://wikidata.org/wiki/Q5		Manuel Lekuona	https://eu.wikipedia.org/wiki/Manuel Lekuona	Manuel de Lekuona	https://es.wikipedia.org/wiki/Manuel de Lekuona	Manuel Lekuona		Manuel Lekuona	https://fr.wikipedia.org/wiki/Manuel Lekuona	Manuel de Lekuona		Manuel de Lekuona		Manuel Lekuona	https://pt.wikipedia.org/wiki/Manuel Lekuona	Manuel de Lekuona	https://ca.wikipedia.org/wiki/Manuel Lekuona Etxabeguren	Manuel de Lekuona		
Q237039	https://wikidata.org/wiki/Q237039	Joseba_Sarrionandia		https://wikidata.org/wiki/Q5		Joseba Sarrionandia	https://eu.wikipedia.org/wiki/Joseba Sarrionandia	Joseba Sarrionandia	https://es.wikipedia.org/wiki/Joseba Sarrionandia	Joseba Sarrionandia	https://en.wikipedia.org/wiki/Joseba Sarrionandia	Joseba Sarrionandia	https://fr.wikipedia.org/wiki/Joseba Sarrionandia	Joseba Sarrionandia	https://it.wikipedia.org/wiki/Joseba Sarrionandia	Joseba Sarrionandia	https://de.wikipedia.org/wiki/Joseba Sarrionandia	Joseba Sarrionandia	https://pt.wikipedia.org/wiki/Joseba Sarrionandia	Joseba Sarrionandia Uribelarrea	https://ca.wikipedia.org/wiki/Joseba Sarrionandia Uribelarrea	Joseba Sarrionandia	https://cs.wikipedia.org/wiki/Joseba Sarrionandia	
Q230995	https://wikidata.org/wiki/Q230995	Abangoardia_(argipena)		https://wikidata.org/wiki/Q4167410		Abangoardia	https://eu.wikipedia.org/wiki/Abangoardia (argipena)			Avanhard	https://en.wikipedia.org/wiki/Avanhard	Avangard		Avanguardia	https://it.wikipedia.org/wiki/Avanguardia (disambigua)							Avantgarda		
Q61444318	https://wikidata.org/wiki/Q61444318	Proisa_graffiti_(Pasai_San_Pedro)		https://wikidata.org/wiki/Q838948		Proisa graffiti (Pasai San Pedro)	https://eu.wikipedia.org/wiki/Proisa graffiti (Pasai San Pedro)			Proisa graffiti (Pasai San Pedro)														
Q12254252	https://wikidata.org/wiki/Q12254252	Artze_anaiak		https://wikidata.org/wiki/Q5		Jexux Artze	https://eu.wikipedia.org/wiki/Artze anaiak	Artze		Artze Brothers		Frères Artze		Artze		Artze		Artze		Artze				
Q9014179	https://wikidata.org/wiki/Q9014179	Jose_Luis_Zumeta		https://wikidata.org/wiki/Q5		Jose Luis Zumeta	https://eu.wikipedia.org/wiki/Jose Luis Zumeta	José Luis Zumeta	https://es.wikipedia.org/wiki/José Luis Zumeta	José Luis Zumeta	https://en.wikipedia.org/wiki/José Luis Zumeta	José Luis Zumeta		Jose Luis Zumeta Etxeberria		Jose Luis Zumeta Etxeberria		Jose Luis Zumeta Etxeberria		José Luis Zumeta				
Q12258790	https://wikidata.org/wiki/Q12258790	Gure_Bazterrak		https://wikidata.org/wiki/Q7366		Gure Bazterrak	https://eu.wikipedia.org/wiki/Gure Bazterrak																	
Q1647457	https://wikidata.org/wiki/Q1647457	Lesaka		https://wikidata.org/wiki/Q107553783, https://wikidata.org/wiki/Q107553787, https://wikidata.org/wiki/Q107553819, https://wikidata.org/wiki/Q12268492, https://wikidata.org/wiki/Q12329377, https://wikidata.org/wiki/Q2074737		Lesaka	https://eu.wikipedia.org/wiki/Lesaka	Lesaca	https://es.wikipedia.org/wiki/Lesaca	Lesaka	https://en.wikipedia.org/wiki/Lesaka	Lesaka	https://fr.wikipedia.org/wiki/Lesaka	Lesaka	https://it.wikipedia.org/wiki/Lesaka	Lesaka		Lesaca	https://pt.wikipedia.org/wiki/Lesaca	Lesaka	https://ca.wikipedia.org/wiki/Lesaka			
Q84	https://wikidata.org/wiki/Q84	Londres		https://wikidata.org/wiki/Q200250, https://wikidata.org/wiki/Q1066984, https://wikidata.org/wiki/Q515, https://wikidata.org/wiki/Q1637706, https://wikidata.org/wiki/Q208511, https://wikidata.org/wiki/Q5119, https://wikidata.org/wiki/Q174844, https://wikidata.org/wiki/Q51929311		Londres	https://eu.wikipedia.org/wiki/Londres	Londres	https://es.wikipedia.org/wiki/Londres	London	https://en.wikipedia.org/wiki/London	Londres	https://fr.wikipedia.org/wiki/Londres	Londra	https://it.wikipedia.org/wiki/Londra	London	https://de.wikipedia.org/wiki/London	Londres	https://pt.wikipedia.org/wiki/Londres	Londres	https://ca.wikipedia.org/wiki/Londres	Londýn	https://cs.wikipedia.org/wiki/Londýn	
Q90	https://wikidata.org/wiki/Q90	Paris		https://wikidata.org/wiki/Q13917, https://wikidata.org/wiki/Q484170, https://wikidata.org/wiki/Q6465, https://wikidata.org/wiki/Q22923920, https://wikidata.org/wiki/Q200250, https://wikidata.org/wiki/Q1200957, https://wikidata.org/wiki/Q1637706, https://wikidata.org/wiki/Q5119, https://wikidata.org/wiki/Q208511, https://wikidata.org/wiki/Q174844, https://wikidata.org/wiki/Q51929311, https://wikidata.org/wiki/Q1187811		Paris	https://eu.wikipedia.org/wiki/Paris	París	https://es.wikipedia.org/wiki/París	Paris	https://en.wikipedia.org/wiki/Paris	Paris	https://fr.wikipedia.org/wiki/Paris	Parigi	https://it.wikipedia.org/wiki/Parigi	Paris	https://de.wikipedia.org/wiki/Paris	Paris	https://pt.wikipedia.org/wiki/Paris	París	https://ca.wikipedia.org/wiki/París	Paříž	https://cs.wikipedia.org/wiki/Paříž	
Q29	https://wikidata.org/wiki/Q29	Espainia		https://wikidata.org/wiki/Q46, https://wikidata.org/wiki/Q458, https://wikidata.org/wiki/Q1849394, https://wikidata.org/wiki/Q8932, https://wikidata.org/wiki/Q3624078, https://wikidata.org/wiki/Q1250464, https://wikidata.org/wiki/Q6256, https://wikidata.org/wiki/Q51576574, https://wikidata.org/wiki/Q113489728		Espainia	https://eu.wikipedia.org/wiki/Espainia	España	https://es.wikipedia.org/wiki/España	Spain	https://en.wikipedia.org/wiki/Spain	Espagne	https://fr.wikipedia.org/wiki/Espagne	Spagna	https://it.wikipedia.org/wiki/Spagna	Spanien	https://de.wikipedia.org/wiki/Spanien	Espanha	https://pt.wikipedia.org/wiki/Espanha	Espanya	https://ca.wikipedia.org/wiki/Espanya	Španělsko	https://cs.wikipedia.org/wiki/Španělsko	
Q200201	https://wikidata.org/wiki/Q200201	Irun		https://wikidata.org/wiki/Q107556255, https://wikidata.org/wiki/Q2074737		Irun	https://eu.wikipedia.org/wiki/Irun	Irún	https://es.wikipedia.org/wiki/Irún	Irun	https://en.wikipedia.org/wiki/Irun	Irun	https://fr.wikipedia.org/wiki/Irun	Irun	https://it.wikipedia.org/wiki/Irun	Irun	https://de.wikipedia.org/wiki/Irun	Irun	https://pt.wikipedia.org/wiki/Irun	Irun	https://ca.wikipedia.org/wiki/Irun	Irun	https://cs.wikipedia.org/wiki/Irun	
Q270294	https://wikidata.org/wiki/Q270294	Donibane_Garazi		https://wikidata.org/wiki/Q484170		Donibane Garazi	https://eu.wikipedia.org/wiki/Donibane Garazi	San Juan de Pie de Puerto	https://es.wikipedia.org/wiki/San Juan Pie de Puerto	Saint-Jean-Pied-de-Port	https://en.wikipedia.org/wiki/Saint-Jean-Pied-de-Port	Saint-Jean-Pied-de-Port	https://fr.wikipedia.org/wiki/Saint-Jean-Pied-de-Port	Saint-Jean-Pied-de-Port	https://it.wikipedia.org/wiki/Saint-Jean-Pied-de-Port	Saint-Jean-Pied-de-Port	https://de.wikipedia.org/wiki/Saint-Jean-Pied-de-Port	Saint-Jean-Pied-de-Port	https://pt.wikipedia.org/wiki/Saint-Jean-Pied-de-Port	Sant Joan de Peu de Port	https://ca.wikipedia.org/wiki/Sant Joan de Peu de Port			
Q8341	https://wikidata.org/wiki/Q8341	Jazz		https://wikidata.org/wiki/Q188451	https://wikidata.org/wiki/Q373342	jazz	https://eu.wikipedia.org/wiki/Jazz	jazz	https://es.wikipedia.org/wiki/Jazz	jazz	https://en.wikipedia.org/wiki/Jazz	jazz	https://fr.wikipedia.org/wiki/Jazz	jazz	https://it.wikipedia.org/wiki/Jazz	Jazz	https://de.wikipedia.org/wiki/Jazz	jazz	https://pt.wikipedia.org/wiki/Jazz	jazz	https://ca.wikipedia.org/wiki/Jazz	jazz	https://cs.wikipedia.org/wiki/Jazz	
Q180727	https://wikidata.org/wiki/Q180727	John_Cage		https://wikidata.org/wiki/Q5		John Cage	https://eu.wikipedia.org/wiki/John Cage	John Cage	https://es.wikipedia.org/wiki/John Cage	John Cage	https://en.wikipedia.org/wiki/John Cage	John Cage	https://fr.wikipedia.org/wiki/John Cage	John Cage	https://it.wikipedia.org/wiki/John Cage	John Cage	https://de.wikipedia.org/wiki/John Cage	John Cage	https://pt.wikipedia.org/wiki/John Cage	John Cage	https://ca.wikipedia.org/wiki/John Cage	John Cage	https://cs.wikipedia.org/wiki/John Cage	
-1	https://wikidata.org/wiki/-1	Edurne_Koch																						
Q6882	https://wikidata.org/wiki/Q6882	James_Joyce		https://wikidata.org/wiki/Q5		James Joyce	https://eu.wikipedia.org/wiki/James Joyce	James Joyce	https://es.wikipedia.org/wiki/James Joyce	James Joyce	https://en.wikipedia.org/wiki/James Joyce	James Joyce	https://fr.wikipedia.org/wiki/James Joyce	James Joyce	https://it.wikipedia.org/wiki/James Joyce	James Joyce	https://de.wikipedia.org/wiki/James Joyce	James Joyce	https://pt.wikipedia.org/wiki/James Joyce	James Joyce	https://ca.wikipedia.org/wiki/James Joyce	James Joyce	https://cs.wikipedia.org/wiki/James Joyce	
Q104358	https://wikidata.org/wiki/Q104358	Billie_Holiday		https://wikidata.org/wiki/Q5		Billie Holiday	https://eu.wikipedia.org/wiki/Billie Holiday	Billie Holiday	https://es.wikipedia.org/wiki/Billie Holiday	Billie Holiday	https://en.wikipedia.org/wiki/Billie Holiday	Billie Holiday	https://fr.wikipedia.org/wiki/Billie Holiday	Billie Holiday	https://it.wikipedia.org/wiki/Billie Holiday	Billie Holiday	https://de.wikipedia.org/wiki/Billie Holiday	Billie Holiday	https://pt.wikipedia.org/wiki/Billie Holiday	Billie Holiday	https://ca.wikipedia.org/wiki/Billie Holiday	Billie Holiday	https://cs.wikipedia.org/wiki/Billie Holiday	
Q1666	https://wikidata.org/wiki/Q1666	Jacques_Brel		https://wikidata.org/wiki/Q5		Jacques Brel	https://eu.wikipedia.org/wiki/Jacques Brel	Jacques Brel	https://es.wikipedia.org/wiki/Jacques Brel	Jacques Brel	https://en.wikipedia.org/wiki/Jacques Brel	Jacques Brel	https://fr.wikipedia.org/wiki/Jacques Brel	Jacques Brel	https://it.wikipedia.org/wiki/Jacques Brel	Jacques Brel	https://de.wikipedia.org/wiki/Jacques Brel	Jacques Brel	https://pt.wikipedia.org/wiki/Jacques Brel	Jacques Brel	https://ca.wikipedia.org/wiki/Jacques Brel	Jacques Brel	https://cs.wikipedia.org/wiki/Jacques Brel	
Q2425000	https://wikidata.org/wiki/Q2425000	Ruper_Ordorika		https://wikidata.org/wiki/Q5		Ruper Ordorika	https://eu.wikipedia.org/wiki/Ruper Ordorika	Ruper Ordorika	https://es.wikipedia.org/wiki/Ruper Ordorika	Ruper Ordorika	https://en.wikipedia.org/wiki/Ruper Ordorika	Ruper Ordorika	https://fr.wikipedia.org/wiki/Ruper Ordorika	Ruper Ordorika		Ruper Ordorika	https://de.wikipedia.org/wiki/Ruper Ordorika			Ruper Ordorika	https://ca.wikipedia.org/wiki/Ruper Ordorika			
Q9096476	https://wikidata.org/wiki/Q9096476	Xabier_Montoia		https://wikidata.org/wiki/Q5		Xabier Montoia	https://eu.wikipedia.org/wiki/Xabier Montoia	Xabier Montoia	https://es.wikipedia.org/wiki/Xabier Montoia	Xabier Montoia		Xabier Montoia	https://fr.wikipedia.org/wiki/Xabier Montoia	Xabier Montoia		Xabier Montoia		Xabier Montoia		Xabier Montoia		Xabier Montoia		
Q2111043	https://wikidata.org/wiki/Q2111043	Zurriola		https://wikidata.org/wiki/Q40080		Zurriola	https://eu.wikipedia.org/wiki/Zurriola	Playa de La Zurriola	https://es.wikipedia.org/wiki/Playa de La Zurriola	Zurriola beach		plage de Zurriola	https://fr.wikipedia.org/wiki/Plage de Zurriola							Platja de Zurriola	https://ca.wikipedia.org/wiki/Platja de Zurriola	Zurriola beach		
Q392	https://wikidata.org/wiki/Q392	Bob_Dylan		https://wikidata.org/wiki/Q5		Bob Dylan	https://eu.wikipedia.org/wiki/Bob Dylan	Bob Dylan	https://es.wikipedia.org/wiki/Bob Dylan	Bob Dylan	https://en.wikipedia.org/wiki/Bob Dylan	Bob Dylan	https://fr.wikipedia.org/wiki/Bob Dylan	Bob Dylan	https://it.wikipedia.org/wiki/Bob Dylan	Bob Dylan	https://de.wikipedia.org/wiki/Bob Dylan	Bob Dylan	https://pt.wikipedia.org/wiki/Bob Dylan	Bob Dylan	https://ca.wikipedia.org/wiki/Bob Dylan	Bob Dylan	https://cs.wikipedia.org/wiki/Bob Dylan	
Q12258518	https://wikidata.org/wiki/Q12258518	Gipuzkoako_Poliklinika		https://wikidata.org/wiki/Q4284971, https://wikidata.org/wiki/Q16917		Gipuzkoako Poliklinika	https://eu.wikipedia.org/wiki/Gipuzkoako Poliklinika	Policlínica Gipuzkoa, S.A.		Policlínica Gipuzkoa														
Q4891334	https://wikidata.org/wiki/Q4891334	Gipuzkoako_Foru_Aldundia		https://wikidata.org/wiki/Q3813673, https://wikidata.org/wiki/Q3044930, https://wikidata.org/wiki/Q2085381		Gipuzkoako Foru Aldundia	https://eu.wikipedia.org/wiki/Gipuzkoako Foru Aldundia	Diputación Foral de Guipúzcoa	https://es.wikipedia.org/wiki/Diputación Foral de Guipúzcoa	Gipuzkoa Foral Council		Députation forale du Guipuscoa	https://fr.wikipedia.org/wiki/Députation forale du Guipuscoa							Diputació Foral de Guipúscoa	https://ca.wikipedia.org/wiki/Diputació Foral de Guipúscoa			
Q2265037	https://wikidata.org/wiki/Q2265037	Antigua_(Donostia)		https://wikidata.org/wiki/Q123705		Antigua	https://eu.wikipedia.org/wiki/Antigua (Donostia)	El Antiguo	https://es.wikipedia.org/wiki/El Antiguo	Antigua (Donostia-San Sebastián)		Antigua	https://fr.wikipedia.org/wiki/Antiguo (Saint-Sébastien)							Antigua	https://ca.wikipedia.org/wiki/Antigua (barri)			
Q1549224	https://wikidata.org/wiki/Q1549224	Kortatu		https://wikidata.org/wiki/Q5741069		Kortatu	https://eu.wikipedia.org/wiki/Kortatu	Kortatu	https://es.wikipedia.org/wiki/Kortatu	Kortatu	https://en.wikipedia.org/wiki/Kortatu	Kortatu	https://fr.wikipedia.org/wiki/Kortatu	Kortatu	https://it.wikipedia.org/wiki/Kortatu	Kortatu	https://de.wikipedia.org/wiki/Kortatu	Kortatu	https://pt.wikipedia.org/wiki/Kortatu	Kortatu	https://ca.wikipedia.org/wiki/Kortatu			
Q9017873	https://wikidata.org/wiki/Q9017873	Kolpez_kolpe		https://wikidata.org/wiki/Q482994		Kolpez kolpe	https://eu.wikipedia.org/wiki/Kolpez kolpe	Kolpez kolpe	https://es.wikipedia.org/wiki/Kolpez kolpe	Kolpez kolpe		Kolpez kolpe		Kolpez kolpe		Kolpez kolpe		Kolpez kolpe		Kolpez kolpe	https://ca.wikipedia.org/wiki/Kolpez kolpe			
Q3056492	https://wikidata.org/wiki/Q3056492	Su_Ta_Gar		https://wikidata.org/wiki/Q215380		Su Ta Gar	https://eu.wikipedia.org/wiki/Su Ta Gar	Su Ta Gar	https://es.wikipedia.org/wiki/Su Ta Gar	Su Ta Gar		Su Ta Gar	https://fr.wikipedia.org/wiki/Su Ta Gar							Su Ta Gar	https://ca.wikipedia.org/wiki/Su Ta Gar			
Q762674	https://wikidata.org/wiki/Q762674	Negu_Gorriak		https://wikidata.org/wiki/Q215380		Negu Gorriak	https://eu.wikipedia.org/wiki/Negu Gorriak	Negu Gorriak	https://es.wikipedia.org/wiki/Negu Gorriak	Negu Gorriak	https://en.wikipedia.org/wiki/Negu Gorriak	Negu Gorriak	https://fr.wikipedia.org/wiki/Negu Gorriak	Negu Gorriak		Negu Gorriak	https://de.wikipedia.org/wiki/Negu Gorriak	Negu Gorriak		Negu Gorriak	https://ca.wikipedia.org/wiki/Negu Gorriak			
Q8354500	https://wikidata.org/wiki/Q8354500	Delirium_Tremens_(musika_taldea)		https://wikidata.org/wiki/Q215380		Delirium Tremens (musika taldea)	https://eu.wikipedia.org/wiki/Delirium Tremens (musika taldea)	Delirium Tremens	https://es.wikipedia.org/wiki/Delirium Tremens (banda)	Delirium Tremens		Delirium Tremens		Delirium Tremens						Delirium Tremens				
Q9026250	https://wikidata.org/wiki/Q9026250	M-ak		https://wikidata.org/wiki/Q215380		M-ak	https://eu.wikipedia.org/wiki/M-ak	M-ak	https://es.wikipedia.org/wiki/M-ak	M-ak		M-ak												
Q2883643	https://wikidata.org/wiki/Q2883643	BAP!!		https://wikidata.org/wiki/Q5741069		BAP!!	https://eu.wikipedia.org/wiki/BAP!!	BAP!!	https://es.wikipedia.org/wiki/BAP!!	B.A.P.!!	https://en.wikipedia.org/wiki/BAP (Basque band)	Bap!!	https://fr.wikipedia.org/wiki/Bap!!							BAP!!	https://ca.wikipedia.org/wiki/BAP!!			
Q3052748	https://wikidata.org/wiki/Q3052748	Korrika		https://wikidata.org/wiki/Q15275719	https://wikidata.org/wiki/Q58687420, https://wikidata.org/wiki/Q878123	Korrika	https://eu.wikipedia.org/wiki/Korrika	Korrika	https://es.wikipedia.org/wiki/Korrika	Korrika	https://en.wikipedia.org/wiki/Korrika	Korrika	https://fr.wikipedia.org/wiki/Korrika	Korrika	https://it.wikipedia.org/wiki/Korrika					Korrika	https://ca.wikipedia.org/wiki/Korrika			
Q2749537	https://wikidata.org/wiki/Q2749537	Alfabetatze_Euskalduntze_Koordinakundea		https://wikidata.org/wiki/Q21086845, https://wikidata.org/wiki/Q2085381		Alfabetatze Euskalduntze Koordinakundea	https://eu.wikipedia.org/wiki/Alfabetatze Euskalduntze Koordinakundea	Alfabetatze Euskalduntze Koordinakundea	https://es.wikipedia.org/wiki/Alfabetatze Euskalduntze Koordinakundea	Alfabetatze Euskalduntze Koordinakundea		Alfabetatze Euskalduntze Koordinakundea	https://fr.wikipedia.org/wiki/Alfabetatze Euskalduntze Koordinakundea							Alfabetatze eta Euskalduntze Koordinakundea	https://ca.wikipedia.org/wiki/Alfabetatze eta Euskalduntze Koordinakundea			
Q365616	https://wikidata.org/wiki/Q365616	Julio_Medem		https://wikidata.org/wiki/Q5		Julio Medem	https://eu.wikipedia.org/wiki/Julio Medem	Julio Medem	https://es.wikipedia.org/wiki/Julio Medem	Julio Médem	https://en.wikipedia.org/wiki/Julio Medem	Julio Medem	https://fr.wikipedia.org/wiki/Julio Medem	Julio Medem	https://it.wikipedia.org/wiki/Julio Medem	Julio Médem	https://de.wikipedia.org/wiki/Julio Medem	Julio Medem	https://pt.wikipedia.org/wiki/Julio Medem	Julio Medem	https://ca.wikipedia.org/wiki/Julio Medem Lafont	Julio Médem	https://cs.wikipedia.org/wiki/Julio Médem	
-1	https://wikidata.org/wiki/-1	Euskal_Pilota._Larrua_harriaren_kontra																						
Q1232428	https://wikidata.org/wiki/Q1232428	Euskal_Herriko_Unibertsitatea		https://wikidata.org/wiki/Q3918, https://wikidata.org/wiki/Q2085381, https://wikidata.org/wiki/Q45400320		Euskal Herriko Unibertsitatea	https://eu.wikipedia.org/wiki/Euskal Herriko Unibertsitatea	Universidad del País Vasco	https://es.wikipedia.org/wiki/Universidad del País Vasco	University of the Basque Country	https://en.wikipedia.org/wiki/University of the Basque Country	université du Pays basque	https://fr.wikipedia.org/wiki/Université du Pays basque	Università dei Paesi Baschi	https://it.wikipedia.org/wiki/Università dei Paesi Baschi	Universität des Baskenlandes	https://de.wikipedia.org/wiki/Universität des Baskenlandes	Universidade do País Basco	https://pt.wikipedia.org/wiki/Universidade do País Basco	Universitat del País Basc	https://ca.wikipedia.org/wiki/Universitat del País Basc	Universidad del País Vasco		
Q61070678	https://wikidata.org/wiki/Q61070678	Mikel_Laboa_plaza_(Donostia)		https://wikidata.org/wiki/Q174782		Mikel Laboa plaza	https://eu.wikipedia.org/wiki/Mikel Laboa plaza (Donostia)			Mikel Laboa plaza														
Q31187902	https://wikidata.org/wiki/Q31187902	Ihes_betea_zilegi_balitz		https://wikidata.org/wiki/Q105543609		Ihes betea zilegi balitz	https://eu.wikipedia.org/wiki/Ihes betea zilegi balitz	Ihes betea zilegi balitz		Ihes betea zilegi balitz		Ihes betea zilegi balitz												
Q21002182	https://wikidata.org/wiki/Q21002182	Txoritokietako_gotorlekua		https://wikidata.org/wiki/Q57831		Txoritokietako gotorlekua	https://eu.wikipedia.org/wiki/Txoritokietako gotorlekua	Fuerte de Txoritokieta	https://es.wikipedia.org/wiki/Fuerte de Txoritokieta	Fortress of Txoritokieta														
Q131725	https://wikidata.org/wiki/Q131725	Joan_Baez		https://wikidata.org/wiki/Q5		Joan Baez	https://eu.wikipedia.org/wiki/Joan Baez	Joan Báez	https://es.wikipedia.org/wiki/Joan Báez	Joan Baez	https://en.wikipedia.org/wiki/Joan Baez	Joan Baez	https://fr.wikipedia.org/wiki/Joan Baez	Joan Baez	https://it.wikipedia.org/wiki/Joan Baez	Joan Baez	https://de.wikipedia.org/wiki/Joan Baez	Joan Baez	https://pt.wikipedia.org/wiki/Joan Baez	Joan Baez	https://ca.wikipedia.org/wiki/Joan Baez	Joan Baez	https://cs.wikipedia.org/wiki/Joan Baez	
Q3354691	https://wikidata.org/wiki/Q3354691	Donostiako_Orfeoia		https://wikidata.org/wiki/Q131186		Donostiako Orfeoia	https://eu.wikipedia.org/wiki/Donostiako Orfeoia	Orfeón Donostiarra	https://es.wikipedia.org/wiki/Orfeón Donostiarra	Orfeón Donostiarra	https://en.wikipedia.org/wiki/Orfeón Donostiarra			Orfeón Donostiarra						Orfeón Donostiarra	https://ca.wikipedia.org/wiki/Orfeón Donostiarra			
Q12257562	https://wikidata.org/wiki/Q12257562	Euskal_Kanta_Berria		https://wikidata.org/wiki/Q482994		Euskal Kanta Berria	https://eu.wikipedia.org/wiki/Euskal Kanta Berria	Euskal kanta berria	https://es.wikipedia.org/wiki/Euskal kanta berria			Euskal kanta berria												
Q12254854	https://wikidata.org/wiki/Q12254854	Bat-hiru		https://wikidata.org/wiki/Q482994		Bat-hiru	https://eu.wikipedia.org/wiki/Bat-hiru	Bat-hiru		Bat-hiru		Bat-hiru		Bat-hiru		Bat-hiru		Bat-hiru		Bat-hiru				
Q12261999	https://wikidata.org/wiki/Q12261999	Lau-bost		https://wikidata.org/wiki/Q482994		Lau-bost	https://eu.wikipedia.org/wiki/Lau-bost	Lau-bost		Lau-bost		Lau-bost		Lau-bost		Lau-bost		Lau-bost		Lau-bost				
Q12267275	https://wikidata.org/wiki/Q12267275	Sei_(Mikel_Laboa)		https://wikidata.org/wiki/Q482994		Sei (Mikel Laboa)	https://eu.wikipedia.org/wiki/Sei (Mikel Laboa)	Sei																
Q12262146	https://wikidata.org/wiki/Q12262146	Lekeitioak		https://wikidata.org/wiki/Q482994		Lekeitioak	https://eu.wikipedia.org/wiki/Lekeitioak	Lekeitioak		Lekeitioak		Lekeitioak		Lekeitioak		Lekeitioak		Lekeitioak		Lekeitioak				
Q12258860	https://wikidata.org/wiki/Q12258860	Hamabi_(Mikel_Laboa)		https://wikidata.org/wiki/Q482994		12	https://eu.wikipedia.org/wiki/Hamabi (Mikel Laboa)	12		12		12		12		12		12		12				
Q12258872	https://wikidata.org/wiki/Q12258872	Hamalau_(Mikel_Laboa)		https://wikidata.org/wiki/Q482994		14	https://eu.wikipedia.org/wiki/Hamalau (Mikel Laboa)	14		14		14		14		14		14		14				
Q12263618	https://wikidata.org/wiki/Q12263618	Mikel_Laboa_Zuzenean		https://wikidata.org/wiki/Q482994		Zuzenean	https://eu.wikipedia.org/wiki/Mikel Laboa Zuzenean	Zuzenean		Zuzenean		Zuzenean		Zuzenean		Zuzenean		Zuzenean		Zuzenean				
Q12269514	https://wikidata.org/wiki/Q12269514	Zuzenean_II_-_Gernika		https://wikidata.org/wiki/Q482994		Gernika - Zuzenean 2	https://eu.wikipedia.org/wiki/Zuzenean II - Gernika	Gernika - Zuzenean 2		Gernika - Zuzenean 2		Gernika - Zuzenean 2		Gernika - Zuzenean 2		Gernika - Zuzenean 2		Gernika - Zuzenean 2		Gernika - Zuzenean 2				
Q61362490	https://wikidata.org/wiki/Q61362490	Euskal_Herriko_Gazte_Orkestra				Euskal Herriko Gazte Orkestra	https://eu.wikipedia.org/wiki/Euskal Herriko Gazte Orkestra																	
-1	https://wikidata.org/wiki/-1	Donostiako_musika_hamabostaldia																						
Q1633909	https://wikidata.org/wiki/Q1633909	Usurbil		https://wikidata.org/wiki/Q107556261, https://wikidata.org/wiki/Q107556262, https://wikidata.org/wiki/Q12268492, https://wikidata.org/wiki/Q2074737		Usurbil	https://eu.wikipedia.org/wiki/Usurbil	Aginaga	https://es.wikipedia.org/wiki/Usúrbil	Aginaga	https://en.wikipedia.org/wiki/Usurbil	Usurbil	https://fr.wikipedia.org/wiki/Usurbil	Usurbil	https://it.wikipedia.org/wiki/Usurbil	Usurbil	https://de.wikipedia.org/wiki/Usurbil	Usurbil	https://pt.wikipedia.org/wiki/Usurbil	Aginaga	https://ca.wikipedia.org/wiki/Usurbil			
Q12263620	https://wikidata.org/wiki/Q12263620	Mikel_Laboa_pasabidea		https://wikidata.org/wiki/Q12280		Mikel Laboa pasabidea	https://eu.wikipedia.org/wiki/Mikel Laboa pasabidea																	
Q631063	https://wikidata.org/wiki/Q631063	Loiolako_Erriberak		https://wikidata.org/wiki/Q123705		Loiolako Erriberak	https://eu.wikipedia.org/wiki/Loiolako Erriberak	Riberas de Loyola	https://es.wikipedia.org/wiki/Riberas de Loyola			Riberas de Loiola	https://fr.wikipedia.org/wiki/Riberas de Loiola							Loiolako Erriberak	https://ca.wikipedia.org/wiki/Loiolako Erriberak			
Q3363809	https://wikidata.org/wiki/Q3363809	Kristinaenea				Kristinaenea	https://eu.wikipedia.org/wiki/Kristinaenea	Cristina Enea	https://es.wikipedia.org/wiki/Cristina Enea	Cristina Enea parkea		Parc Cristina Enea	https://fr.wikipedia.org/wiki/Parc Cristina Enea											
-1	https://wikidata.org/wiki/-1	Elkar																						
Q3328599	https://wikidata.org/wiki/Q3328599	Euskal_Herriko_musika		https://wikidata.org/wiki/Q20977956, https://wikidata.org/wiki/Q75054287, https://wikidata.org/wiki/Q106537557, https://wikidata.org/wiki/Q188451	https://wikidata.org/wiki/Q964987, https://wikidata.org/wiki/Q672134	Euskal Herriko musika	https://eu.wikipedia.org/wiki/Euskal Herriko musika	música vasca		Basque music	https://en.wikipedia.org/wiki/Basque music	musique basque	https://fr.wikipedia.org/wiki/Musique basque	Musica nei Paesi Baschi		baskische Musik		Música do País Basco		música basca	https://ca.wikipedia.org/wiki/Música basca			
Q12257599	https://wikidata.org/wiki/Q12257599	Euskal_musika_tradizionala				Euskal musika tradizionala	https://eu.wikipedia.org/wiki/Euskal musika tradizionala																	
Q12254657	https://wikidata.org/wiki/Q12254657	Baga,_biga,_higa		https://wikidata.org/wiki/Q12254854, https://wikidata.org/wiki/Q5716311, https://wikidata.org/wiki/Q105543609		Baga, biga, higa	https://eu.wikipedia.org/wiki/Baga, biga, higa	Baga, biga, higa	https://es.wikipedia.org/wiki/Baga, biga, higa	Baga, biga, higa		Baga, biga, higa												
Q12258840	https://wikidata.org/wiki/Q12258840	Haika_mutil		https://wikidata.org/wiki/Q105543609		Haika mutil	https://eu.wikipedia.org/wiki/Haika mutil	Haika mutil		Haika mutil		Haika mutil												
Q3312407	https://wikidata.org/wiki/Q3312407	Bereterretxen_khantoria		https://wikidata.org/wiki/Q105543609		Bereterretxeren Kantorea	https://eu.wikipedia.org/wiki/Bereterretxen khantoria	Cantar de Bereterretxe	https://es.wikipedia.org/wiki/Cantar de Bereterretxe	Bereterretxeren Kantorea		Cantar de Bereterretxe												
Q10990318	https://wikidata.org/wiki/Q10990318	Aita-semeak		https://wikidata.org/wiki/Q105543609		Aita-semeak	https://eu.wikipedia.org/wiki/Aita-semeak	Aita-semeak		Aita-semeak		Aita-semeak												
Q20492131	https://wikidata.org/wiki/Q20492131	Bentara_noa		https://wikidata.org/wiki/Q105543609		Bentara noa	https://eu.wikipedia.org/wiki/Bentara noa	Bentara noa		Bentara noa		Bentara noa												
Q12255013	https://wikidata.org/wiki/Q12255013	Berdabioko_semea		https://wikidata.org/wiki/Q105543609		Berdabioko semea	https://eu.wikipedia.org/wiki/Berdabioko semea	Berdabioko semea		Berdabioko semea		Berdabioko semea												
Q12258064	https://wikidata.org/wiki/Q12258064	Gaberako_aterbea		https://wikidata.org/wiki/Q105543609		Gaberako aterbea	https://eu.wikipedia.org/wiki/Gaberako aterbea	Gaberako aterbea		Gaberako aterbea		Gaberako aterbea												
Q12259087	https://wikidata.org/wiki/Q12259087	Herria_eta_hizkuntza		https://wikidata.org/wiki/Q105543609		Herria eta hizkuntza	https://eu.wikipedia.org/wiki/Herria eta hizkuntza	Herria eta hizkuntza		Herria eta hizkuntza		Herria eta hizkuntza												
Q12259890	https://wikidata.org/wiki/Q12259890	Iturengo_arotza		https://wikidata.org/wiki/Q105543609		Iturengo arotza	https://eu.wikipedia.org/wiki/Iturengo arotza	iturengo		Iturengo arotza		iturengo												
Q3331281	https://wikidata.org/wiki/Q3331281	Izarren_hautsa		https://wikidata.org/wiki/Q105543609		Izarren hautsa	https://eu.wikipedia.org/wiki/Izarren hautsa																	
Q12262492	https://wikidata.org/wiki/Q12262492	Lizardi_(abestia)				Lizardi (abestia)	https://eu.wikipedia.org/wiki/Lizardi (abestia)																	
Q12263182	https://wikidata.org/wiki/Q12263182	Martxa_baten_notak				Martxa baten notak	https://eu.wikipedia.org/wiki/Martxa baten notak																	
Q12265016	https://wikidata.org/wiki/Q12265016	Oi_Pello_Pello		https://wikidata.org/wiki/Q235858, https://wikidata.org/wiki/Q105543609		Oi Pello Pello	https://eu.wikipedia.org/wiki/Oi Pello Pello	Oi Pello Pello		Oi Pello Pello		Oi Pello Pello												
Q106597739	https://wikidata.org/wiki/Q106597739	Oroitzen_zaitudanean,_ama		https://wikidata.org/wiki/Q5185279		Oroitzen zaitudanean, ama	https://eu.wikipedia.org/wiki/Oroitzen zaitudanean, ama			Oroitzen zaitudanean, ama														
Q2013	https://wikidata.org/wiki/Q2013	Wikidata		https://wikidata.org/wiki/Q54837, https://wikidata.org/wiki/Q43984865, https://wikidata.org/wiki/Q33120876, https://wikidata.org/wiki/Q638153, https://wikidata.org/wiki/Q593744, https://wikidata.org/wiki/Q36509592, https://wikidata.org/wiki/Q7094076, https://wikidata.org/wiki/Q33002955, https://wikidata.org/wiki/Q15633582, https://wikidata.org/wiki/Q109613893		Wikidata	https://eu.wikipedia.org/wiki/Wikidata	Wikidata	https://es.wikipedia.org/wiki/Wikidata	Wikidata	https://en.wikipedia.org/wiki/Wikidata	Wikidata	https://fr.wikipedia.org/wiki/Wikidata	Wikidata	https://it.wikipedia.org/wiki/Wikidata	Wikidata	https://de.wikipedia.org/wiki/Wikidata	Wikidata	https://pt.wikipedia.org/wiki/Wikidata	Wikidata	https://ca.wikipedia.org/wiki/Wikidata	Wikidata	https://cs.wikipedia.org/wiki/Wikidata	
Q565	https://wikidata.org/wiki/Q565	Wikimedia_Commons		https://wikidata.org/wiki/Q33120876, https://wikidata.org/wiki/Q166118, https://wikidata.org/wiki/Q36509592, https://wikidata.org/wiki/Q14827288, https://wikidata.org/wiki/Q1574516		Wikimedia Commons	https://eu.wikipedia.org/wiki/Wikimedia Commons	Wikimedia Commons	https://es.wikipedia.org/wiki/Wikimedia Commons	Wikimedia Commons	https://en.wikipedia.org/wiki/Wikimedia Commons	Wikimedia Commons	https://fr.wikipedia.org/wiki/Wikimedia Commons	Wikimedia Commons	https://it.wikipedia.org/wiki/Wikimedia Commons	Wikimedia Commons	https://de.wikipedia.org/wiki/Wikimedia Commons	Wikimedia Commons	https://pt.wikipedia.org/wiki/Wikimedia Commons	Wikimedia Commons	https://ca.wikipedia.org/wiki/Wikimedia Commons	Wikimedia Commons	https://cs.wikipedia.org/wiki/Wikimedia Commons	
Q54919	https://wikidata.org/wiki/Q54919	Virtual_International_Authority_File		https://wikidata.org/wiki/Q54837, https://wikidata.org/wiki/Q36524, https://wikidata.org/wiki/Q1172284, https://wikidata.org/wiki/Q19967801, https://wikidata.org/wiki/Q4182287, https://wikidata.org/wiki/Q1988927		Virtual International Authority File	https://eu.wikipedia.org/wiki/Virtual International Authority File	Fichero de Autoridades Virtual Internacional	https://es.wikipedia.org/wiki/Fichero de Autoridades Virtual Internacional	Virtual International Authority File	https://en.wikipedia.org/wiki/Virtual International Authority File	Fichier d'autorité international virtuel	https://fr.wikipedia.org/wiki/Fichier d'autorité international virtuel	Virtual International Authority File	https://it.wikipedia.org/wiki/Virtual International Authority File	Virtual International Authority File	https://de.wikipedia.org/wiki/Virtual International Authority File	Base de Autoridade Internacional Virtual	https://pt.wikipedia.org/wiki/Base Virtual Internacional de Autoridade	VIAF	https://ca.wikipedia.org/wiki/Virtual International Authority File	Virtual International Authority File	https://cs.wikipedia.org/wiki/Virtual International Authority File	
Q423048	https://wikidata.org/wiki/Q423048	International_Standard_Name_Identifier		https://wikidata.org/wiki/Q36218176, https://wikidata.org/wiki/Q420330, https://wikidata.org/wiki/Q36524, https://wikidata.org/wiki/Q340169	https://wikidata.org/wiki/Q340169	International Standard Name Identifier	https://eu.wikipedia.org/wiki/International Standard Name Identifier	International Standard Name Identifier	https://es.wikipedia.org/wiki/International Standard Name Identifier	International Standard Name Identifier	https://en.wikipedia.org/wiki/International Standard Name Identifier	International Standard Name Identifier	https://fr.wikipedia.org/wiki/International Standard Name Identifier	International Standard Name Identifier	https://it.wikipedia.org/wiki/International Standard Name Identifier	International Standard Name Identifier	https://de.wikipedia.org/wiki/International Standard Name Identifier	International Standard Name Identifier	https://pt.wikipedia.org/wiki/International Standard Name Identifier	International Standard Name Identifier	https://ca.wikipedia.org/wiki/International Standard Name Identifier	Mezinárodní standardní identifikátor jména	https://cs.wikipedia.org/wiki/Mezinárodní standardní identifikátor jména	
-1	https://wikidata.org/wiki/-1	Integrated_Authority_File																						
Q620946	https://wikidata.org/wiki/Q620946	Library_of_Congress_Control_Number		https://wikidata.org/wiki/Q54837, https://wikidata.org/wiki/Q36646373, https://wikidata.org/wiki/Q36524		Library of Congress Control Number	https://eu.wikipedia.org/wiki/Library of Congress Control Number	Library of Congress Control Number	https://es.wikipedia.org/wiki/Library of Congress Control Number	Library of Congress Control Number	https://en.wikipedia.org/wiki/Library of Congress Control Number	Numéro de contrôle de la Bibliothèque du Congrès	https://fr.wikipedia.org/wiki/Numéro de contrôle de la Bibliothèque du Congrès	Library of Congress Control Number	https://it.wikipedia.org/wiki/Library of Congress Control Number	Library of Congress Control Number	https://de.wikipedia.org/wiki/Library of Congress Control Number	Número de controle da Biblioteca do Congresso	https://pt.wikipedia.org/wiki/Número de controle da Biblioteca do Congresso	Número de Control de la Biblioteca del Congrés	https://ca.wikipedia.org/wiki/Número de Control de la Biblioteca del Congrés	Library of Congress Control Number	https://cs.wikipedia.org/wiki/Library of Congress Control Number	
Q9081343	https://wikidata.org/wiki/Q9081343	Tabakalera		https://wikidata.org/wiki/Q83405, https://wikidata.org/wiki/Q1329623		Tabakalera	https://eu.wikipedia.org/wiki/Tabakalera	Tabakalera	https://es.wikipedia.org/wiki/Tabakalera	Tabakalera	https://en.wikipedia.org/wiki/Tabakalera	Tabakalera		Tabakalera		Tabakalera		Tabakalera		Tabakalera				
Q109943183	https://wikidata.org/wiki/Q109943183	Lur_Hiztegi_Entziklopedikoa		https://wikidata.org/wiki/Q615699, https://wikidata.org/wiki/Q975413		Lur Hiztegi Entziklopedikoa	https://eu.wikipedia.org/wiki/Lur Hiztegi Entziklopedikoa			Lur Hiztegi Entziklopedikoa		Lur Hiztegi Entziklopedikoa								Lur Hiztegi Entziklopedikoa				
